{"program":[{"title":"신서유기5 1회","genre":"예능","rating":"5.7","runtime":"100"},{"title":"신서유기5 2화","genre":"예능","rating":"4.8","runtime":"100"},{"title":"신서유기5 3화","genre":"예능","rating":"5.3","runtime":"100"},{"title":"나인룸 1회","genre":"드라마","rating":"6.2","runtime":"80"},{"title":"나인룸 2회","genre":"드라마","rating":"5.4","runtime":"80"},{"title":"나인룸 3회","genre":"드라마","rating":"4.8","runtime":"80"},{"title":"나인룸 4화","genre":"드라마","rating":"5.6","runtime":"80"},{"title":"알쓸신잡3 3회","genre":"예능","rating":"4.9","runtime":"110"},{"title":"알쓸신잡 4회","genre":"예능","rating":"4.4","runtime":"110"},{"title":"짠내투어 45회","genre":"예능","rating":"3.0","runtime":"100"},{"title":"짠내투어 44회","genre":"예능","rating":"3.2","runtime":"100"},{"title":"백일의 낭군님 10회","genre":"드라마","rating":"10.3","runtime":"90"},{"title":"백일의 낭군님 9회","genre":"드라마","rating":"9.1","runtime":"90"},{"title":"백일의 낭군님 8회","genre":"드라마","rating":"9.2","runtime":"90"},{"title":"코미디빅리그 283회","genre":"예능","rating":"3.3","runtime":"80"},{"title":"코미디빅리그 282회","genre":"예능","rating":"3.7","runtime":"80"},{"title":"아는 와이프 16회","genre":"드라마","rating":"7.9","runtime":"80"},{"title":"아는 와이프 12회","genre":"드라마","rating":"8.1","runtime":"80"},{"title":"미스터션샤인 24회","genre":"드라마","rating":"18.1","runtime":"80"},{"title":"미스터션샤인 23회","genre":"드라마","rating":"15.4","runtime":"80"}]}